{"extent":[13676551.1954449099, 3967450.411567883, 14600927.6096102786, 4960637.315193227],"width":347,"height":233}