{"extent":[14076551.1954449099, 4467450.411567883, 15600927.6096102786, 6460637.315193227],"width":347,"height":233}